{
    "front": [
        [
            0.367,
            0.8068397500000001,
            0.35780079718647073
        ],
        [
            0.367,
            0.8937240000000001,
            0.3973096468619187
        ],
        [
            0.367,
            0.7920640000000001,
            0.3337392994529105
        ],
        [
            0.367,
            0.7748497500000001,
            0.30325457958734114
        ],
        [
            0.367,
            0.87147775,
            0.490757534123758
        ],
        [
            0.367,
            0.84357975,
            0.3968028621408285
        ],
        [
            0.367,
            0.7814437500000001,
            0.36663007278920035
        ],
        [
            0.367,
            0.826111,
            0.3354408026125413
        ],
        [
            0.367,
            0.81207775,
            0.33131226320171325
        ],
        [
            0.367,
            0.78423975,
            0.31826432665626725
        ],
        [
            0.367,
            0.786556,
            0.35197466616540274
        ],
        [
            0.367,
            0.816816,
            0.3336191025195724
        ],
        [
            0.367,
            0.86931775,
            0.39917020914996915
        ],
        [
            0.367,
            0.76525975,
            0.3564496737061936
        ],
        [
            0.367,
            0.783775,
            0.32927471354151117
        ],
        [
            0.367,
            0.6647590000000001,
            0.474454673818405
        ]
    ],
    "size": 0,
    "avg": [],
    "compounds": [
        "CCn1CC[C@@H]([NH3+])cc1",
        "O=C[C@H]1[C@H]CC1[C@@H](C)[C@H](N)/Cc1ccc1Cl",
        "NCC1C(=O)cc1",
        "[NH2+]C[C@H]1CCCNC1",
        "Oc1nnn(C[NH+]2cccc(N2CC(C)CCCC(C)CCC)C)c1",
        "CC[NH2+][C@@H](CC)N(F)c1ccc(Cl)cc1",
        "O=c1C[C@@]CN(CC(=O)[O-])C1",
        "[NH3+][C@H](C)c1c(CC)cc1",
        "C[C@]1C[C@H](C1=O)[C@]1cc1C",
        "S(=O)c1ccc1",
        "N#CC1(C)OC1CNNc1ccc1",
        "CC1C[C@H](/CC[C@H]([NH3+])F)n1",
        "C[C@H]CC1(C)C[C@H](COc2ccc2)CC[C@@]1",
        "O=C(S)O[C@@H](C)[NH+]1CCC1",
        "O=CNc1Cc2CCC1[NH+]2C",
        "CC(C)(ONC[NH2+][C@@H](C)C(C)=O)NCC(C)c1ccs1Cl"
    ]
}