{
    "front": [
        [
            0.367,
            0,
            0.396,
            0.332446682159682
        ],
        [
            0.367,
            0.7715733564,
            0.736,
            0.465265175120091
        ],
        [
            0.367,
            0.8408388975000001,
            0.594,
            0.43438177009967427
        ],
        [
            0.367,
            0.16806446897499927,
            0.618,
            0.3282976009421724
        ],
        [
            0.367,
            0,
            0.707,
            0.43229986680677845
        ],
        [
            0.367,
            0.2808111975000004,
            0.519,
            0.4695743255897119
        ],
        [
            0.367,
            0.862392387975,
            0.637,
            0.349224709622848
        ],
        [
            0.367,
            0.7748497500000001,
            0.483,
            0.3408774160945389
        ],
        [
            0.367,
            0,
            0.438,
            0.31632277266356956
        ],
        [
            0.363,
            0.8827279974999999,
            0.769,
            0.4017485233866276
        ],
        [
            0.367,
            0.9040549375000001,
            0.523,
            0.33522332964942003
        ],
        [
            0.367,
            0,
            0.504,
            0.3422448605451963
        ],
        [
            0.367,
            0.6913753084000003,
            0.671,
            0.3964590594829037
        ],
        [
            0.363,
            0.996050505975,
            0.675,
            0.4158871811474143
        ],
        [
            0.367,
            0.56756224,
            0.695,
            0.36115133080680617
        ],
        [
            0.367,
            0.835776489975,
            0.704,
            0.33160968268486857
        ],
        [
            0.367,
            0.7388892198999999,
            0.456,
            0.30869336693477734
        ],
        [
            0.367,
            0.86464959,
            0.582,
            0.36816551185706337
        ],
        [
            0.367,
            0.5701230775000001,
            0.559,
            0.33145736360430933
        ],
        [
            0.367,
            0,
            0.403,
            0.3502364105753184
        ]
    ],
    "size": 0,
    "avg": [],
    "compounds": [
        "Nc1ncc[nH]c1=C/N",
        "N#Cc1c(C)cc1C(=O)N(C)NC(=O)N[C@@H](C)C(F)CCCC",
        "[NH3+]CC(C)c1ccc(F)cc1CCCCN1CC1C",
        "[NH3+]c1c(C(=O)NCC2CCC2)c(=O)C[C@@H]1",
        "OC(=O)CC[C@@H](OCC[C@H]c2ccc(F)cc2F)c1cnc1F",
        "[NH3+]CNC(=O)CC[C@H](C)C1ncc(=O)N([C@@H](C)C)c1F",
        "C(=O)ON1CCCC1CCC[C@@H](O)[C@@]",
        "CC1NC(=O)cc1C",
        "OC1CC[C@@H](C2)C([NH+])2o1",
        "[NH+]c1ccc(C(=O)N2[C@H](CC2)OCCBr)cc1",
        "FNC(=O)c1c(F)cc1",
        "[C@@H]C(=O)[C@]1NC(=O)C[C@]1",
        "C(=O)[C@@H](C[NH3+])Cc1ccc(C)c(C[NH3+])c1-CCC",
        "c1ncc1COC[C@@H]C(=O)Nc1ccc1CC",
        "OC(=O)N1Cc1-c2cccc(C(=O)[O-])c2",
        "CC[C@@H](O)[C@@H]O[C@@H](C)c1ccc1C",
        "Cc1nocn1",
        "c1ncc(C)[NH2+]C1CCC",
        "COc1c(C[NH3+])cc1C",
        "[NH3+]C1NC(=O)C(C)cn1"
    ]
}